County	Country	parkrunning	junior parkrunning	5k Cancellations	junior Cancellations	Total	5k Events Running	junior Events Running	5k Events Cancelled	junior Events Cancelled
-Unknown-	Ireland		2			2		Killarney House juniors|Torvean juniors|		
Aberdeen City	Scotland	1	1	1		3	Aberdeen|	Duthie juniors|	Hazlehead|	
Aberdeenshire	Scotland	4				4	Stonehaven|Ellon|Crathes Castle|Ury Riverside|			
Angus	Scotland	3				3	Montrose|West Links|Forfar Loch|			
Antrim	Northern Ireland	7	4	1		12	Ecos|Portrush|Wallace|Antrim|Larne|Carrickfergus|Valley|	Jordanstown juniors|Portrush juniors|Larne juniors|Riverside juniors, Ballymoney|	Sixmilewater|	
Argyll and Bute	Scotland	2				2	Ganavan Sands|Mount Stuart|			
Armagh	Northern Ireland	2	1			3	Citypark|Armagh|	Lurgan juniors|		
Bedfordshire	England	7	4			11	Luton Wardown|Bedford|Houghton Hall|Great Denham|Dunstable Downs|Millennium Country|Henlow Bridge Lakes|	Houghton Hall juniors|Bedford juniors|Leighton Buzzard juniors|Wardown juniors|		
Belfast	Northern Ireland	7	4	1		12	Waterworks|Belfast Victoria|Queens|Falls|Ormeau|Colin Glen|Orangefield|	Belfast Victoria juniors|Waterworks juniors|Ormeau juniors|Musgrave juniors|	Stormont|	
Berkshire	England	10	4			14	Reading|Newbury|Bracknell|Woodley|Upton Court|Maidenhead|Prospect|Dinton Pastures|California Country|Sandhurst Memorial|	Bracknell juniors|Woodley juniors|Ockwells juniors|Salt Hill juniors|		
Bristol	England	1	3			4	Eastville|	Eastville juniors|Kings Weston juniors|Windmill Hill juniors|		
Buckinghamshire	England	10	4	1		15	Black Park|Wycombe Rye|Linford Wood|Aylesbury|Buckingham|Rushmere|Higginson, Marlow|Wendover Woods|Church Mead|Bury Field|	Wycombe Rye juniors|Milton Keynes juniors|Aylesbury juniors|Buckingham juniors|	Milton Keynes|	
Cambridgeshire	England	11	10		1	22	Ferry Meadows|Wimpole Estate|Huntingdon|March|Pocket|Littleport|Manor Field, Whittlesey|Coldham’s Common|Soham Village College|Fulbourn Hospital|Storeys Field|	Central Park juniors|Jubilee juniors|Cambridge juniors|Wimpole Estate juniors|Wisbech juniors|Riverside juniors, St Neots|Coldham’s Common juniors|West End juniors|Cambourne juniors|Ely Country juniors|		Cottenham Recreation Ground juniors|
Carlow	Ireland	1				1	Carlow Town|			
Cavan	Ireland	4				4	Cootehill|Deerpark Forest|Con Smith|Edwin Carolan Community|			
Cheshire	England	11	8	1		20	Phoenix|Congleton|Chester|Delamere|Lyme Park|Ellesmere Port|Widnes|Wilmslow|Crewe|Macclesfield|Northwich|	Widnes juniors|Wilmslow juniors|Warrington juniors|Victoria juniors, Macclesfield|The Wirral Way juniors|Phoenix juniors|Gardenhurst Estate juniors|Queens Park juniors, Crewe|	Warrington|	
Clare	Ireland	4				4	Clarisford|Lees Road|Vandeleur|Illaunmanagh|			
Clwyd	Wales	6	1		2	9	Conwy|Wepre|Erddig|Nova Prestatyn|Greenfield Valley|Ruthin Memorial Playing Fields|	Conwy Nature Reserve juniors|		Alyn Waters juniors|Prestatyn Prom juniors|
Cork	Ireland	9	2			11	Clonakilty|Macroom Castle Demesne|Bere Island|Glengarriff|Castlehaven|Ballincollig|Glen River|Mallow Castle|Pobalscoil na Tríonóide|	Cobh juniors|Ballincollig Regional juniors|		
Cornwall	England	8	3	1		12	Trelissick|Eden Project|Lanhydrock|Tamar Lakes|Penrose|Heartlands|Land’s End|Penryn Campus|	Bodmin juniors|Par Track juniors|Bude Marshes juniors|	Mount Edgcumbe|	
Cumbria	England	12	3	1		16	Millom|Carlisle|Barrow|Workington|Penrith|Keswick|Whinlatter Forest|Fell Foot|Whitehaven|Ford|Rothay Park|Talkin Tarn Country Park|	Keswick juniors|Carlisle juniors|Barrow juniors|	Bower Park|	
Derbyshire	England	9	6			15	Shipley Country|Rosliston|Markeaton|Long Eaton|Glossop|Poolsbrook|Monsal Trail|Alvaston|Ashbourne Recreation Ground|	Swadlincote juniors|Markeaton juniors|Long Eaton juniors|Whaley Bridge juniors|Staveley juniors|Shipley Country juniors|		
Derry	Northern Ireland	4	1		1	6	Derry City|Limavady|Garvagh Forest|Derrynoid Forest|	Derry City juniors|		Magherafelt juniors|
Devon	England	16	6			22	Tamar Trails|Plymvalley|Torbay Velopark|Killerton|Barnstaple|Seaton|Parke|Exeter Riverside|Bideford|Exmouth|Teignmouth Promenade|Woolacombe Dunes|Haldon Forest|Bolberry Down|Central, Plymouth|Cranbrook Country Park|	Torridge juniors|Heavitree juniors|Barnstaple juniors|Devonport juniors|Torbay Velopark juniors|Cranbrook Country Park juniors|		
Donegal	Ireland	5				5	Letterkenny|Falcarragh|Dungloe|Buncrana|Narin Beach|			
Dorset	England	9	5			14	Moors Valley|Bournemouth|Poole|Upton House|Weymouth|Blandford|St Mary’s|The Great Field|Durlston Country Park|	Moors Valley juniors|Weymouth juniors|Upton House juniors|Slades juniors|Cobb Gate juniors|		
Down	Northern Ireland	8	4			12	Rostrevor|Castlewellan|Bangor|Comber|Crawfordsburn Country|Knockbracken Reservoir|Hillsborough Forest|Dunleath Playing Fields|	Comber juniors|Moira juniors|Bangor juniors|Lough Moss juniors|		
Dublin	Ireland	23	13		1	37	Malahide|Marlay|Griffeen|St Anne’s|Ardgillan|Tymon|Waterstown|Poppintree|Hartstown|Shanganagh|Cabinteely|Father Collins|Donabate|Porterstown|River Valley|Bushy, Dublin|Fairview|Corkagh|Poolbeg|Darndale|Tolka Valley|Brickfields|Sport Ireland Campus|	Rush juniors|Albert College juniors|Balbriggan juniors|Deerpark juniors|Marlay juniors|Holywell juniors|Griffeen juniors|Malahide Castle juniors|Rockfield juniors|Cherry Orchard juniors|Beechpark juniors|Ringsend juniors|Mellowes Park juniors|		St Anne’s juniors|
Dumfries and Galloway	Scotland	1	1	1		3	Crichton|	Dumfries juniors|	Agnew|	
Dundee City	Scotland	1	1			2	Camperdown|	Baxter Park juniors|		
Durham	England	10	6			16	Durham|Sedgefield|Blackhill|Riverside|Darlington South Park|Hackworth|Hartlepool|Cotsford Fields|Jubilee|Hamsterley Forest|	Rossmere juniors|Billingham juniors|Durham City juniors|Sedgefield juniors|South Park juniors|Riverside juniors|		
Dyfed	Wales	7	2			9	Aberystwyth|Llyn Llech Owain|Haverfordwest|Colby|Llanerchaeron|Milford Waterfront|Sandy Water|	Aberystwyth juniors|Carmarthen juniors|		
East Ayrshire	Scotland	1				1	Dean Castle Country Park|			
East Lothian	Scotland	2	1			3	Meadowmill|Lochend Woods|	Archerfield Walled Garden juniors|		
East Renfrewshire	Scotland		1			1		Rouken Glen juniors|		
East Sussex	England	10	4			14	Brighton & Hove|Eastbourne|Peacehaven|Preston Park|Hastings|Hove Promenade|Bevendean Down|East Brighton|Seaford Beach|Uckfield|	Peacehaven juniors|Preston Park juniors|Eastbourne juniors|Hove Park juniors|		
East Yorkshire	England	6	3			9	Hull|Sewerby|Peter Pan|Goole|Humber Bridge|Beverley Westwood|	Peter Pan juniors|Alderman Kneeshaw juniors|King George Playing Fields juniors|		
Edinburgh	Scotland	3	1		1	5	Edinburgh|Portobello|Oriam|	The Meadows juniors|		Inverleith juniors|
Essex	England	24	12			36	Hadleigh|Basildon|Roding Valley|Colchester Castle|Burnham-on-Crouch|Maldon Prom|Billericay|Gunpowder|Southend|Chelmsford Central|Clacton Seafront|Brentwood|Great Notley|Harlow|Hockley Woods|Harwich|Thurrock|Mersea Island|South Woodham Ferrers|Great Dunmow|Highwoods|Wickford Memorial|Chalkwell Beach|Markshall Estate|	Harlow juniors|Hawkwell juniors|Chelmsford juniors|Great Notley juniors|Colchester juniors|Maldon Prom juniors|Cliff Park juniors|Roding Valley juniors|Lake Meadows juniors|Northlands juniors|Burnham Riverside juniors|Clacton juniors|		
Falkirk	Scotland	1	1			2	Falkirk|	Helix juniors|		
Fermanagh	Northern Ireland	1	1			2	Enniskillen|	Broadmeadow juniors|		
Fife	Scotland	4	2			6	St Andrews|Kirkcaldy|Dunfermline|Lochore Meadows|	Duloch juniors|Fife Cycle Park juniors|		
Fingal	Ireland		1			1		Lusk Sports Hub juniors|		
Galway	Ireland	6	2			8	Knocknacarra|Oranmore|Oughterard|Portumna|Clonbur Woods|Coole|	Oranmore juniors|Westside Playing Fields juniors|		
Glasgow City	Scotland	7	3			10	Pollok|Tollcross|Victoria|Ruchill|Springburn|Drumchapel|Queen’s, Glasgow|	Victoria juniors, Glasgow|Elder Park juniors|Springburn juniors|		
Gloucestershire	England	19	6			25	Kingsway|Forest of Dean|Gloucester North|Thornbury|Stonehouse|Wotton|Cheltenham|Newent|Chipping Sodbury|Pomphrey Hill|Tewkesbury|Lydney|Cirencester|Gloucester City|Tetbury Goods Shed|Stratford Park, Stroud|Mallards Pike|King George V Playing Field|Berkeley Green|	Forest of Dean juniors|Page Park juniors|Little Stoke juniors|Cheltenham juniors|Stonehouse juniors|Wotton Community PARC juniors|		
Greater London	England	56	36	3	1	96	Bushy Park|Wimbledon Common|Richmond Park|Bedfont Lakes|Roundshaw Downs|Finsbury Park|Bromley|Bexley|Harrow|Grovelands|Hackney Marshes|Greenwich|Old Deer Park|Hampstead Heath|Kingston|Beckenham Place|Highbury Fields|Crystal Palace|Valentines|Oak Hill|Lloyd|Gunnersbury|South Norwood|Wanstead Flats|Riddlesdown|Pymmes|Raphael|Ally Pally|Wormwood Scrubs|Hoblingwell|Mile End|Dulwich|Beckton|Gladstone|Crane Park|Hilly Fields|Burgess|Orpington|Barking|Harrow Lodge|Walthamstow|Southwark|Canons Park|Osterley|Northala Fields|Peckham Rye|Tooting Common|Victoria Dock|Catford|Foots Cray Meadows|Sunny Hill|Hanworth|Bethlem Royal Hospital|Sutcliffe|Charlton|Southall|	Lloyd juniors|Queen’s Park juniors, London|Osterley juniors|London Fields juniors|Bushy juniors|Acton juniors|Crystal Palace juniors|Hilly Fields juniors|Harrow Lodge juniors|Barking and Dagenham juniors|Brockwell juniors|Mile End juniors|Burgess juniors|Pitshanger juniors|Highbury Fields juniors|Lesnes Abbey Woods juniors|Bromley juniors|Moormead juniors|Surbiton juniors|Eltham juniors|Hanworth juniors|Priory Park juniors|Friary Park juniors|Kenton Rec juniors|Leyton Jubilee juniors|Tooting Common juniors|Northala Fields juniors|Hoblingwell juniors|Caledonian juniors|Enfield Town juniors|Latchmere Rec juniors|Kennington Park juniors|Beckenham Place juniors|Pinner Village Gardens juniors|Figges Marsh juniors|Paddington Rec juniors|	Brockwell|Fulham Palace|Clapham Common|	Wimbledon Park juniors|
Greater Manchester	England	21	12	1		34	Bramhall Park|Heaton Park|South Manchester|Oldham|Hyde|Pennington Flash|Bolton|Wythenshawe|Worsley Woods|Marple|Burnage|Cheadle Hulme|Watergrove|Stamford Park|Haigh Woodland|Stretford|Chadderton Hall|Sale Water|Fletcher Moss|Alexandra|Peel|	Queen’s Park juniors, Rochdale|Queen’s Park juniors, Bolton|Salford juniors|Hyde juniors|Marple juniors|South Manchester juniors|Ramsbottom juniors|Uppermill juniors|Seymour Park juniors|Alexandra juniors, Moss Side|Milnrow Memorial Park juniors|Leigh juniors|	Woodbank|	
Gwent	Wales	10	7			17	Riverfront|Newport|Bryn Bach|Penallta|Pontypool|Cwmbran|Rogiet|Severn Bridge|Aberbeeg|Coed Cefn-pwll-du|	Penallta juniors|Bryn Bach juniors|Newport juniors|Pontypool juniors|Bailey juniors|Dixton juniors|Rogiet juniors|		
Gwynedd	Wales	5		1		6	Penrhyn|Dolgellau|Newborough Forest|Nant y Pandy|Hafan Pwllheli|		Pont y Bala|	
Hampshire	England	22	13			35	Basingstoke|Southampton|Andover|Southsea|Havant|Whiteley|Eastleigh|Lymington Woodside|Winchester|Netley Abbey|Alice Holt|Brockenhurst|Queen Elizabeth|Rushmoor|Lee-on-the-Solent|Portsmouth Lakeside|Fareham|Hogmoor Inclosure|Itchen Valley Country|Bartley Park|Great Salterns|Edenbrook Country|	Andover juniors|Netley Abbey juniors|Stokes Bay juniors|Southampton juniors|Basingstoke juniors|Eastney juniors|Waterlooville juniors|Winchester juniors|New Milton juniors|Queen’s Parade juniors, Aldershot|Hogmoor Inclosure juniors|Dowds Farm juniors|Southampton Common juniors|		
Herefordshire	England	3	1			4	Hereford|Ludlow|Ross-on-Wye|	Hereford Leisure Centre juniors|		
Hertfordshire	England	13	11			24	St Albans|Rickmansworth|Westmill|Stevenage|Gadebridge|Panshanger|South Oxhey|Cassiobury|Barclay|Aldenham|Castle Park|Letchworth|Jersey Farm|	Beehive juniors|Stevenage juniors|Leavesden juniors|Pinehill juniors|Cheshunt juniors|Hertford juniors|King George juniors|Grange Paddocks juniors|Verulamium juniors|Gadebridge Park juniors|Ashlyns juniors|		
Highland	Scotland	4		1		5	Aviemore|Alness|Thurso|Torvean|		Fort William|	
Inverclyde	Scotland	1	1			2	Greenock|	Battery Park juniors|		
Isle of Wight	England	1	1			2	Medina I.O.W.|	Medina I.O.W juniors|		
Kent	England	23	11		2	36	Maidstone|Ashford|Canterbury|Royal Tunbridge Wells|Whitstable|Margate|Pegwell Bay|Shorne Woods|Great Lines|Tonbridge|Dartford|Folkestone|Lullingstone|Dartford Heath|Malling|Sittingbourne|Bedgebury Pinetum|Walmer and Deal Seafront|Kingdom|Cyclopark|Squerryes Winery|The Leas|Swanley|	Margate juniors|Tonbridge juniors|Whitstable juniors|Gravesend juniors|Goudhurst juniors|Medway juniors|Manor Park juniors|Ashford juniors|Betteshanger juniors|Park Wood juniors|Herne Bay Memorial Park juniors|		Dartford juniors|Faversham Recreation Ground juniors|
Kerry	Ireland	4	1			5	Tralee|Listowel|Inch Beach|Killarney House|	Tralee juniors|		
Kildare	Ireland	3				3	Naas|Castletown|Royal Canal, Kilcock|			
Kilkenny	Ireland	1				1	Kilkenny|			
Lancashire	England	12	8	1		21	Preston|Hyndburn|Burnley|Ormskirk|Pendle|Witton|Lancaster|Blackpool|Clitheroe Castle|Fleetwood Promenade|Morecambe Prom|Tawd Valley|	Skelmersdale juniors|Burnley juniors|Clitheroe Castle juniors|Avenham Park juniors|Park View juniors|Padiham Greenway juniors|Worden Park juniors|Anchorsholme juniors|	Lytham Hall|	
Laois	Ireland	1	1			2	Vicarstown|	Vicarstown juniors|		
Leicestershire	England	9	4			13	Braunstone|Market Harborough|Conkers|Melton Mowbray|Leicester Victoria|Dishley, Loughborough|Watermead Country Park|Belvoir Castle|Hastings High School|	Market Harborough juniors|Aylestone juniors|Melton Mowbray juniors|Lutterworth Country Park juniors|		
Limerick	Ireland	3	1			4	Limerick|Newcastle West|Mungret|	Shelbourne juniors|		
Lincolnshire	England	10	4			14	Boston|Lincoln|Belton House|Market Rasen Racecourse|Snowden Field|Doddington Hall|Normanby Hall|Scunthorpe|Cleethorpes|Ancholme Valley Way|	Wyndham juniors|Boston Road Rec juniors|Central Park juniors, Boston|Brumby Wood Rec Ground juniors|		
Longford	Ireland	1	1			2	Longford|	Longford juniors|		
Louth	Ireland	1	1			2	Dundalk|	Dundalk IT juniors|		
Mayo	Ireland	6				6	Westport|Castlebar|Ballina|Erris|Claremorris|Achill Greenway|			
Meath	Ireland	4				4	Navan|Oldbridge|Deerpark, Carlanstown|Porch Field|			
Merseyside	England	9	4		1	14	Knowsley|St Helens|Southport|Princes|Croxteth Hall|Birkenhead|Crosby|Kew Woods|Sutton Manor|	Stanley Park juniors|Wirral Country Park juniors|Derby Park juniors|Victoria juniors, St Helens|		The Mystery juniors|
Mid Glamorgan	Wales	5	1		1	7	Merthyr|Maesteg|Pontypridd|Porthcawl|Aberdare|	Pontypridd juniors|		Bridgend juniors|
Midlothian	Scotland	1				1	Vogrie|			
Monaghan	Ireland	2				2	Castleblayney|Monaghan Town|			
Moray	Scotland	1				1	Elgin|			
Norfolk	England	20	6			26	Gorleston|Norwich|King’s Lynn|Colney Lane|Sheringham|Thetford|Catton|Blickling|Brundall|Holkham|Swaffham|Loch Neaton|Lingwood|Sloughbottom|Hunstanton Promenade|Great Yarmouth North Beach|Flegg High|Sandringham|North Walsham|Downham Market Academy|	Eaton juniors|Gorleston juniors|King’s Lynn juniors|Lea Bridges juniors|Breckland Leisure Centre juniors|Blickling juniors|		
North Ayrshire	Scotland	2	1			3	Eglinton|Largs Prom|	Jacks Road juniors|		
North Lanarkshire	Scotland	2	1			3	Strathclyde|Drumpellier Country|	Drumpellier juniors|		
North Yorkshire	England	18	8			26	Albert|Redcar|Stewart|Flatts Lane|Marshall Drive|York|Harrogate|Skipton|Fountains Abbey|Northallerton|Heslington|Dalby Forest|Selby|New Earswick|Conyngham Hall|Millfield|The Cinder Track|North Yorkshire Water Park|	Hemlington Lake juniors|Redcar juniors|Harrogate juniors|Knavesmire juniors|Northallerton juniors|Brayton Academy juniors|The Station Yard juniors|Community Park juniors|		
Northamptonshire	England	9	5			14	Northampton|Kettering|Corby|Daventry|Sixfields Upton|Watermeadows|Salcey Forest|Irchester Country|Brixworth Country|	Desborough Green Space juniors|Wicksteed juniors|Northampton Racecourse juniors|Spencer Park juniors|Daventry Country Park juniors|		
Northumberland	England	7	1			8	Prudhoe Riverside|Newbiggin-by-the-Sea|Druridge Bay|The Pastures|Tyne Green|Blyth Links|Carlisle Park|	Prudhoe Riverside juniors|		
Nottinghamshire	England	13	8			21	Colwick|Bestwood Village|Mansfield|Brierley Forest|Rushcliffe|Forest Rec|Newark|Clumber Park|Beeston|Gedling|Sherwood Pines|Clifton|Wollaton Hall|	Forest Rec juniors|Rushcliffe juniors|Hucknall juniors|Gedling juniors|Newark juniors|Worksop College juniors|Dukeries juniors|Sutton Lawn juniors|		
Offaly	Ireland	2				2	Mountlucas|The Grand Canal Way|			
Orkney Islands	Scotland	1				1	Kirkwall|			
Oxfordshire	England	10	5	2		17	Banbury|Oxford|Henley-on-Thames|Harcourt Hill|Bicester|Witney|Chipping Norton School|Horspath|Grove Fields|University Parks|	Harcourt Hill juniors|Florence Park juniors|Whitelands Farm juniors|Millennium Green juniors|Wood Green juniors|	Abingdon|Didcot|	
Perth and Kinross	Scotland	3	3			6	Perth|Loch Leven|Faskally Forest|	Loch Leven juniors|Perth juniors|MacRosty juniors|		
Powys	Wales	2				2	Newtown|Groe|			
Renfrewshire	Scotland	1	1			2	Linwood|	Barshaw juniors|		
Roscommon	Ireland	2		1		3	Lough Key|Castlerea|		Strokestown|	
Rutland	England	1	1			2	Rutland Water|	Rutland Water juniors|		
Scottish Borders	Scotland	2				2	Hay Lodge|Wallaceneuk|			
Shetland Islands	Scotland	1				1	Bressay|			
Shropshire	England	5			2	7	Telford|Shrewsbury|Henley Wood, Oswestry|Severn Valley Country|Alderford Lake|			Shrewsbury juniors|Telford juniors|
Sligo	Ireland	1				1	Sligo|			
Somerset	England	14	7			21	Ashton Court|Bath Skyline|Shepton Mallet|Minehead|Longrun Meadow|Burnham and Highbridge|Street|Henstridge Airfield|Somerdale Pavilion|The Old Showfield|Clevedon Salthouse Fields|Sharpham Road Playing Fields|Marine Parade|Frogmary Green Farm|	Cheddar juniors|Bath Odd Down juniors|Longrun Meadow juniors|Weston-super-Mare juniors|Collett Park juniors|Yeovil Rec juniors|Yatton Recreation juniors|		
South Ayrshire	Scotland	3	1			4	Troon|Ayr|Girvan Prom|	Prestwick Oval juniors|		
South Glamorgan	Wales	5	2	1		8	Cardiff|Grangemoor|Tremorfa|Cosmeston Lakes|Trelai Park|	Barry juniors|Cardiff juniors|	Barry Island|	
South Lanarkshire	Scotland	1				1	Lanark Moor|			
South Yorkshire	England	11	6	1		18	Endcliffe|Barnsley|Concord|Graves|Rother Valley|Hillsborough|Sheffield Castle|Sandall Park|Penistone|Millhouses|Cusworth Hall|	Graves juniors|Barnsley juniors|Sheffield Olympic Legacy Park juniors|Sandall Park juniors|Hillsborough juniors|Rosehill Victoria juniors|	Rotherham|	
Staffordshire	England	8	3			11	Cannock Chase|Hanley|The Wammy|Isabel Trail|Chasewater|Beacon|Trentham Gardens|Bramshall Road|	Longton juniors|Burslem Park juniors|Clough Hall juniors|		
Stirling	Scotland	2	1			3	Plean|University of Stirling|	Stirling juniors|		
Suffolk	England	15	6			21	Ipswich|Bury St Edmunds|Brandon Country Park|Clare Castle|Great Cornard|Kesgrave|Lowestoft|Haverhill|Felixstowe|Sizewell|Thomas Mills|Chilton Fields|Harleston Magpies|Alton Water|Rendlesham Forest|	Kesgrave juniors|Bury St Edmunds juniors|Ipswich juniors|Great Cornard juniors|Felixstowe Prom juniors|Stowmarket Recreation Ground juniors|		
Surrey	England	10	7	2	1	20	Banstead Woods|Frimley Lodge|Nonsuch|Homewood|Reigate Priory|Woking|Mole Valley|Hazelwood|Brooklands|Broadwater|	Laleham juniors|Woking juniors|Reigate Priory juniors|Savill Garden juniors|Nonsuch juniors|Cranleigh juniors|Leatherhead juniors|	Guildford|Cranleigh|	Guildford juniors|
Tipperary	Ireland	4	1			5	Templemore|Clonmel|Knockanacree Woods|Borrisokane Town|	Burgess juniors, County Tipperary|		
Tyne and Wear	England	11	3			14	Silksworth|Town Moor|Whitley Bay|Gateshead|Windy Nook|South Shields|Rising Sun|Herrington Country|Leazes|Jesmond Dene|Chopwell Wood|	Whitley Bay juniors|Town Moor juniors|Saltwell juniors|		
Tyrone	Northern Ireland	4				4	MUSA Cookstown|Omagh|Dungannon Park|Holy Cross College|			
Warwickshire	England	7	3			10	Leamington|Rugby|Kingsbury Water|Stratford-upon-Avon|Bedworth|Warwick Racecourse|Dallas Burston Polo Club|	GEC Rec juniors|Stratford-upon-Avon Rec juniors|St Nicholas juniors|		
Waterford	Ireland	2				2	Tramore|Waterford Nature|			
West Dunbartonshire	Scotland	1				1	Levengrove|			
West Glamorgan	Wales	3	1		1	5	Swansea Bay|Gnoll|Brynaman|	Gnoll juniors|		Swansea Prom juniors|
West Lothian	Scotland	2	1			3	Livingston|Polkemmet Country|	Bankton Mains Park juniors|		
West Midlands	England	13	5	1	1	20	Dudley|Brueton|Cannon Hill|Wolverhampton|Walsall Arboretum|Sandwell Valley|Perry Hall|Sutton Park|Babbs Mill|Oaklands|East Park|Edgbaston Reservoir|Woodgate Valley Country Park|	Bloxwich juniors|Wednesfield juniors|Cannon Hill juniors|Stevens Park juniors|Malvern Park juniors|	Coventry|	War Memorial Park juniors|
West Sussex	England	10	6			16	Horsham|Tilgate|Clair|East Grinstead|Bognor Regis|Chichester|Worthing|Lancing Beach Green|Littlehampton Prom|Ifield Mill Pond|	Bognor Regis juniors|Horsham juniors|Chichester juniors|Haywards Heath juniors|Tilgate juniors|Worthing Leisure Centre juniors|		
West Yorkshire	England	25	14	2	1	42	Woodhouse Moor|Wakefield Thornes|Halifax|Bradford|Pontefract|Brighouse|Rothwell|Huddersfield|Roundhay|Dewsbury|Cross Flatts|Wetherby|Oakwell Hall|Nostell|Horton Park|Bramley|Middleton Woods|Armley|Cliffe Castle|Myrtle|Potternewton|Frickley Country|Bowling Park|Chevin Forest|Roberts Park|	Cross Flatts juniors|Bramley juniors|Brighouse juniors|Roundhay juniors|Huddersfield juniors|Dewsbury juniors|Saltaire juniors|Tolson juniors|Bodington juniors|Wakefield Thornes juniors|Pontefract juniors|Shelley juniors|Beaumont Park juniors|Riverside Gardens juniors|	Temple Newsam|Centre Vale|	Temple Newsam juniors|
Western Isles	Scotland			1		1			Lews Castle|	
Westmeath	Ireland	2				2	Athlone|Mullingar|			
Wexford	Ireland	3			1	4	Wexford Racecourse|New Ross|Gorey|			Heritage Park juniors|
Wicklow	Ireland	2	2	1		5	Russborough|Tullow|	Bray juniors|Arklow Duck Pond juniors|	Avondale Forest|	
Wiltshire	England	7	4		1	12	Lydiard|Southwick Country Park|Chippenham|Salisbury|Melksham|Marlborough Common|Seven Fields|	Lydiard juniors|Churchill Gardens juniors|King George V juniors|Calne Recreation Ground juniors|		Chippenham juniors|
Worcestershire	England	5	3			8	Arrow Valley|Worcester|Worcester Pitchcroft|Evesham|Wyre Forest|	Evesham juniors|Bromsgrove juniors|Wyre Forest juniors|		
England Total	England	571	293	17	11	892				
NI Total	Northern Ireland	33	15	2	1	51				
Scotland Total	Scotland	58	22	4	1	85				
Wales Total	Wales	43	14	2	4	63				
Ireland Total	Ireland	96	28	2	2	128				
Total		801	372	27	19	1219				
