County	parkrunning	junior parkrunning	5k Cancellations	junior Cancellations	Total	5k Events Running	junior Events Running	5k Events Cancelled	junior Events Cancelled
Bedfordshire	7	4			11	Luton Wardown|Bedford|Houghton Hall|Great Denham|Dunstable Downs|Millennium Country|Henlow Bridge Lakes|	Houghton Hall juniors|Bedford juniors|Leighton Buzzard juniors|Wardown juniors|		
Berkshire	10	4			14	Reading|Newbury|Bracknell|Woodley|Upton Court|Maidenhead|Prospect|Dinton Pastures|California Country|Sandhurst Memorial|	Bracknell juniors|Woodley juniors|Ockwells juniors|Salt Hill juniors|		
Bristol	1	3			4	Eastville|	Eastville juniors|Kings Weston juniors|Windmill Hill juniors|		
Buckinghamshire	11	4			15	Black Park|Milton Keynes|Wycombe Rye|Linford Wood|Aylesbury|Buckingham|Rushmere|Higginson, Marlow|Wendover Woods|Church Mead|Bury Field|	Wycombe Rye juniors|Milton Keynes juniors|Aylesbury juniors|Buckingham juniors|		
Cambridgeshire	11	12			23	Ferry Meadows|Wimpole Estate|Huntingdon|March|Pocket|Littleport|Manor Field, Whittlesey|Coldham’s Common|Soham Village College|Fulbourn Hospital|Storeys Field|	Central Park juniors|Jubilee juniors|Cambridge juniors|Wimpole Estate juniors|Wisbech juniors|Riverside juniors, St Neots|Coldham’s Common juniors|West End juniors|Cambourne juniors|Ely Country juniors|Cottenham Recreation Ground juniors|Bretton Park juniors|		
Cheshire	4	4	9	4	21	Congleton|Lyme Park|Wilmslow|Alderley Park|	Victoria juniors, Macclesfield|The Wirral Way juniors|Gardenhurst Estate juniors|Queens Park juniors, Crewe|	Phoenix|Warrington|Chester|Delamere|Ellesmere Port|Widnes|Crewe|Macclesfield|Northwich|	Widnes juniors|Wilmslow juniors|Warrington juniors|Phoenix juniors|
Cornwall	6	3	3		12	Trelissick|Lanhydrock|Tamar Lakes|Penrose|Land’s End|Penryn Campus|	Bodmin juniors|Par Track juniors|Bude Marshes juniors|	Eden Project|Mount Edgcumbe|Heartlands|	
Cumbria	4	2	10	1	17	Penrith|Whinlatter Forest|Ford|Talkin Tarn Country Park|	Carlisle juniors|Barrow juniors|	Millom|Carlisle|Barrow|Workington|Keswick|Fell Foot|Whitehaven|Rothay Park|Bower Park|Maryport Prom|	Keswick juniors|
Derbyshire	7	4	3	2	16	Shipley Country|Rosliston|Markeaton|Long Eaton|Glossop|Poolsbrook|Ashbourne Recreation Ground|	Swadlincote juniors|Long Eaton juniors|Staveley juniors|Shipley Country juniors|	Monsal Trail|Alvaston|Pavilion Gardens|	Markeaton juniors|Whaley Bridge juniors|
Devon	11	7	5	1	24	Plymvalley|Torbay Velopark|Seaton|Parke|Exeter Riverside|Exmouth|Teignmouth Promenade|Haldon Forest|Bolberry Down|Central, Plymouth|Cranbrook Country Park|	Heavitree juniors|Barnstaple juniors|Devonport juniors|Torbay Velopark juniors|Cranbrook Country Park juniors|Phear Park juniors|Stopline Way juniors|	Tamar Trails|Killerton|Barnstaple|Bideford|Woolacombe Dunes|	Torridge juniors|
Dorset	9	6			15	Moors Valley|Bournemouth|Poole|Upton House|Weymouth|Blandford|St Mary’s|The Great Field|Durlston Country Park|	Moors Valley juniors|Weymouth juniors|Upton House juniors|Slades juniors|Cobb Gate juniors|The Great Field juniors|		
Durham	4	5	6	1	16	Blackhill|Hartlepool|Cotsford Fields|Hamsterley Forest|	Rossmere juniors|Billingham juniors|Durham City juniors|Sedgefield juniors|South Park juniors|	Durham|Sedgefield|Riverside|Darlington South Park|Hackworth|Jubilee|	Riverside juniors|
East Sussex	10	4			14	Brighton & Hove|Eastbourne|Peacehaven|Preston Park|Hastings|Hove Promenade|Bevendean Down|East Brighton|Seaford Beach|Uckfield|	Peacehaven juniors|Preston Park juniors|Eastbourne juniors|Hove Park juniors|		
East Yorkshire	5	2	1	1	9	Hull|Sewerby|Peter Pan|Goole|Beverley Westwood|	Peter Pan juniors|Alderman Kneeshaw juniors|	Humber Bridge|	King George Playing Fields juniors|
Essex	24	10		2	36	Hadleigh|Basildon|Roding Valley|Colchester Castle|Burnham-on-Crouch|Maldon Prom|Billericay|Gunpowder|Southend|Chelmsford Central|Clacton Seafront|Brentwood|Great Notley|Harlow|Hockley Woods|Harwich|Thurrock|Mersea Island|South Woodham Ferrers|Great Dunmow|Highwoods|Wickford Memorial|Chalkwell Beach|Markshall Estate|	Harlow juniors|Chelmsford juniors|Great Notley juniors|Colchester juniors|Cliff Park juniors|Roding Valley juniors|Lake Meadows juniors|Northlands juniors|Burnham Riverside juniors|Clacton juniors|		Hawkwell juniors|Maldon Prom juniors|
Gloucestershire	17	5	2	1	25	Kingsway|Forest of Dean|Gloucester North|Thornbury|Wotton|Cheltenham|Newent|Chipping Sodbury|Pomphrey Hill|Tewkesbury|Lydney|Cirencester|Tetbury Goods Shed|Stratford Park, Stroud|Mallards Pike|King George V Playing Field|Berkeley Green|	Forest of Dean juniors|Page Park juniors|Little Stoke juniors|Stonehouse juniors|Wotton Community PARC juniors|	Stonehouse|Gloucester City|	Cheltenham juniors|
Greater London	60	38			98	Bushy Park|Wimbledon Common|Richmond Park|Bedfont Lakes|Roundshaw Downs|Finsbury Park|Bromley|Bexley|Harrow|Grovelands|Hackney Marshes|Greenwich|Old Deer Park|Hampstead Heath|Kingston|Brockwell|Beckenham Place|Highbury Fields|Crystal Palace|Valentines|Oak Hill|Lloyd|Gunnersbury|South Norwood|Wanstead Flats|Riddlesdown|Pymmes|Raphael|Ally Pally|Wormwood Scrubs|Hoblingwell|Mile End|Dulwich|Beckton|Gladstone|Crane Park|Hilly Fields|Burgess|Orpington|Barking|Harrow Lodge|Walthamstow|Southwark|Canons Park|Osterley|Fulham Palace|Northala Fields|Peckham Rye|Tooting Common|Victoria Dock|Clapham Common|Catford|Foots Cray Meadows|Sunny Hill|Hanworth|Bethlem Royal Hospital|Sutcliffe|Charlton|Southall|Lordship Recreation Ground|	Lloyd juniors|Queen’s Park juniors, London|Osterley juniors|London Fields juniors|Bushy juniors|Acton juniors|Crystal Palace juniors|Hilly Fields juniors|Wimbledon Park juniors|Harrow Lodge juniors|Barking and Dagenham juniors|Brockwell juniors|Mile End juniors|Burgess juniors|Pitshanger juniors|Highbury Fields juniors|Lesnes Abbey Woods juniors|Bromley juniors|Moormead juniors|Surbiton juniors|Eltham juniors|Hanworth juniors|Priory Park juniors|Friary Park juniors|Kenton Rec juniors|Leyton Jubilee juniors|Tooting Common juniors|Northala Fields juniors|Hoblingwell juniors|Caledonian juniors|Enfield Town juniors|Latchmere Rec juniors|Kennington Park juniors|Beckenham Place juniors|Pinner Village Gardens juniors|Figges Marsh juniors|Peckham Rye juniors|Paddington Rec juniors|		
Greater Manchester	8	11	14	1	34	Heaton Park|Woodbank|South Manchester|Hyde|Marple|Burnage|Cheadle Hulme|Fletcher Moss|	Queen’s Park juniors, Rochdale|Queen’s Park juniors, Bolton|Hyde juniors|Marple juniors|South Manchester juniors|Ramsbottom juniors|Uppermill juniors|Seymour Park juniors|Alexandra juniors, Moss Side|Milnrow Memorial Park juniors|Leigh juniors|	Bramhall Park|Oldham|Pennington Flash|Bolton|Wythenshawe|Worsley Woods|Watergrove|Stamford Park|Haigh Woodland|Stretford|Chadderton Hall|Sale Water|Alexandra|Peel|	Salford juniors|
Hampshire	22	13	1		36	Basingstoke|Southampton|Andover|Southsea|Havant|Eastleigh|Lymington Woodside|Winchester|Netley Abbey|Alice Holt|Brockenhurst|Queen Elizabeth|Rushmoor|Lee-on-the-Solent|Portsmouth Lakeside|Fareham|Hogmoor Inclosure|Itchen Valley Country|Bartley Park|Great Salterns|Edenbrook Country|Ganger Farm|	Andover juniors|Netley Abbey juniors|Stokes Bay juniors|Southampton juniors|Basingstoke juniors|Eastney juniors|Waterlooville juniors|Winchester juniors|New Milton juniors|Queen’s Parade juniors, Aldershot|Hogmoor Inclosure juniors|Dowds Farm juniors|Southampton Common juniors|	Whiteley|	
Herefordshire	3	1			4	Hereford|Ludlow|Ross-on-Wye|	Hereford Leisure Centre juniors|		
Hertfordshire	14	11			25	St Albans|Rickmansworth|Westmill|Stevenage|Gadebridge|Panshanger|South Oxhey|Cassiobury|Barclay|Aldenham|Castle Park|Letchworth|Jersey Farm|Leavesden Country|	Beehive juniors|Stevenage juniors|Leavesden juniors|Pinehill juniors|Cheshunt juniors|Hertford juniors|King George juniors|Grange Paddocks juniors|Verulamium juniors|Gadebridge Park juniors|Ashlyns juniors|		
Isle of Wight	1	1			2	Medina I.O.W.|	Medina I.O.W juniors|		
Kent	21	12	3	1	37	Maidstone|Canterbury|Royal Tunbridge Wells|Whitstable|Margate|Pegwell Bay|Shorne Woods|Great Lines|Tonbridge|Dartford|Folkestone|Lullingstone|Dartford Heath|Malling|Sittingbourne|Bedgebury Pinetum|Kingdom|Cyclopark|Squerryes Winery|The Leas|Swanley|	Margate juniors|Tonbridge juniors|Whitstable juniors|Gravesend juniors|Goudhurst juniors|Manor Park juniors|Ashford juniors|Dartford juniors|Betteshanger juniors|Park Wood juniors|Faversham Recreation Ground juniors|Herne Bay Memorial Park juniors|	Ashford|Walmer and Deal Seafront|Mote Park|	Medway juniors|
Lancashire	3	3	10	6	22	Burnley|Pendle|Witton|	Burnley juniors|Worden Park juniors|Anchorsholme juniors|	Preston|Hyndburn|Ormskirk|Lytham Hall|Lancaster|Blackpool|Clitheroe Castle|Fleetwood Promenade|Morecambe Prom|Tawd Valley|	Skelmersdale juniors|Clitheroe Castle juniors|Avenham Park juniors|Park View juniors|Padiham Greenway juniors|Ryelands Park juniors|
Leicestershire	9	5			14	Braunstone|Market Harborough|Conkers|Melton Mowbray|Leicester Victoria|Dishley, Loughborough|Watermead Country Park|Belvoir Castle|Hastings High School|	Market Harborough juniors|Aylestone juniors|Lutterworth Country Park juniors|Play Close Park juniors|Watermead Country Park juniors|		
Lincolnshire	7	3	3	1	14	Boston|Lincoln|Belton House|Market Rasen Racecourse|Snowden Field|Doddington Hall|Cleethorpes|	Wyndham juniors|Boston Road Rec juniors|Brumby Wood Rec Ground juniors|	Normanby Hall|Scunthorpe|Ancholme Valley Way|	Central Park juniors, Boston|
Merseyside	1	3	8	2	14	Crosby|	Stanley Park juniors|Wirral Country Park juniors|The Mystery juniors|	Knowsley|St Helens|Southport|Princes|Croxteth Hall|Birkenhead|Kew Woods|Sutton Manor|	Derby Park juniors|Victoria juniors, St Helens|
Norfolk	15	4	5	2	26	Gorleston Cliffs|King’s Lynn|Colney Lane|Sheringham|Thetford|Catton|Blickling|Brundall|Swaffham|Loch Neaton|Lingwood|Sloughbottom|Hunstanton Promenade|Great Yarmouth North Beach|Sandringham|	Gorleston juniors|Lea Bridges juniors|Breckland Leisure Centre juniors|Blickling juniors|	Norwich|Holkham|Flegg High|North Walsham|Downham Market Academy|	Eaton juniors|King’s Lynn juniors|
North Yorkshire	16	7	2	1	26	Stewart|Flatts Lane|Marshall Drive|York|Harrogate|Skipton|Fountains Abbey|Northallerton|Heslington|Dalby Forest|Selby|New Earswick|Conyngham Hall|Millfield|The Cinder Track|North Yorkshire Water Park|	Hemlington Lake juniors|Redcar juniors|Harrogate juniors|Knavesmire juniors|Northallerton juniors|Brayton Academy juniors|The Station Yard juniors|	Albert|Redcar|	Community Park juniors|
Northamptonshire	9	5			14	Northampton|Kettering|Corby|Daventry|Sixfields Upton|Watermeadows|Salcey Forest|Irchester Country|Brixworth Country|	Desborough Green Space juniors|Wicksteed juniors|Northampton Racecourse juniors|Spencer Park juniors|Daventry Country Park juniors|		
Northumberland	1		6	3	10	Newbiggin-by-the-Sea|		Prudhoe Riverside|Druridge Bay|The Pastures|Tyne Green|Blyth Links|Carlisle Park|	Prudhoe Riverside juniors|South Beach Estate juniors|Tyne Green juniors|
Nottinghamshire	12	6	1	2	21	Colwick|Bestwood Village|Brierley Forest|Rushcliffe|Forest Rec|Newark|Clumber Park|Beeston|Gedling|Sherwood Pines|Clifton|Wollaton Hall|	Forest Rec juniors|Rushcliffe juniors|Hucknall juniors|Gedling juniors|Newark juniors|Worksop College juniors|	Mansfield|	Dukeries juniors|Sutton Lawn juniors|
Oxfordshire	11	4	1	1	17	Banbury|Oxford|Henley-on-Thames|Abingdon|Didcot|Harcourt Hill|Bicester|Witney|Chipping Norton School|Grove Fields|University Parks|	Florence Park juniors|Whitelands Farm juniors|Millennium Green juniors|Wood Green juniors|	Horspath|	Harcourt Hill juniors|
Rutland	1	1			2	Rutland Water|	Rutland Water juniors|		
Shropshire	4	1	1		6	Telford|Shrewsbury|Henley Wood, Oswestry|Severn Valley Country|	Shrewsbury juniors|	Alderford Lake|	
Somerset	11	6	3	1	21	Ashton Court|Bath Skyline|Shepton Mallet|Burnham and Highbridge|Street|Somerdale Pavilion|The Old Showfield|Clevedon Salthouse Fields|Sharpham Road Playing Fields|Marine Parade|Frogmary Green Farm|	Cheddar juniors|Longrun Meadow juniors|Weston-super-Mare juniors|Collett Park juniors|Yeovil Rec juniors|Yatton Recreation juniors|	Minehead|Longrun Meadow|Henstridge Airfield|	Bath Odd Down juniors|
South Yorkshire	7	5	5	1	18	Barnsley|Concord|Rotherham|Hillsborough|Sheffield Castle|Sandall Park|Penistone|	Graves juniors|Barnsley juniors|Sheffield Olympic Legacy Park juniors|Sandall Park juniors|Rosehill Victoria juniors|	Endcliffe|Graves|Rother Valley|Millhouses|Cusworth Hall|	Hillsborough juniors|
Staffordshire	5	1	3	2	11	Hanley|Chasewater|Beacon|Trentham Gardens|Bramshall Road|	Clough Hall juniors|	Cannock Chase|The Wammy|Isabel Trail|	Longton juniors|Burslem Park juniors|
Suffolk	14	6	2	1	23	Ipswich|Bury St Edmunds|Brandon Country Park|Clare Castle|Great Cornard|Kesgrave|Haverhill|Felixstowe|Sizewell|Thomas Mills|Chilton Fields|Harleston Magpies|Alton Water|Rendlesham Forest|	Kesgrave juniors|Bury St Edmunds juniors|Ipswich juniors|Great Cornard juniors|Felixstowe Prom juniors|Stowmarket Recreation Ground juniors|	Lowestoft|Mildenhall Hub|	Castle Playing Fields juniors|
Surrey	11	7	1	1	20	Banstead Woods|Frimley Lodge|Guildford|Nonsuch|Homewood|Reigate Priory|Woking|Mole Valley|Hazelwood|Brooklands|Broadwater|	Laleham juniors|Woking juniors|Savill Garden juniors|Guildford juniors|Nonsuch juniors|Cranleigh juniors|Leatherhead juniors|	Cranleigh|	Reigate Priory juniors|
Tyne and Wear	1	2	10	1	14	Windy Nook|	Whitley Bay juniors|Town Moor juniors|	Silksworth|Town Moor|Whitley Bay|Gateshead|South Shields|Rising Sun|Herrington Country|Leazes|Jesmond Dene|Chopwell Wood|	Saltwell juniors|
Warwickshire	6	3	1		10	Leamington|Rugby|Kingsbury Water|Stratford-upon-Avon|Bedworth|Warwick Racecourse|	GEC Rec juniors|Stratford-upon-Avon Rec juniors|St Nicholas juniors|	Dallas Burston Polo Club|	
West Midlands	8	6	6	1	21	Coventry|Cannon Hill|Wolverhampton|Walsall Arboretum|Sandwell Valley|Sutton Park|Babbs Mill|Edgbaston Reservoir|	Bloxwich juniors|Wednesfield juniors|Cannon Hill juniors|Stevens Park juniors|War Memorial Park juniors|Ward End juniors|	Dudley|Brueton|Perry Hall|Oaklands|East Park|Woodgate Valley Country Park|	Malvern Park juniors|
West Sussex	10	6			16	Horsham|Tilgate|Clair|East Grinstead|Bognor Regis|Chichester|Worthing|Lancing Beach Green|Littlehampton Prom|Ifield Mill Pond|	Bognor Regis juniors|Horsham juniors|Chichester juniors|Haywards Heath juniors|Tilgate juniors|Worthing Leisure Centre juniors|		
West Yorkshire	18	14	9	4	45	Woodhouse Moor|Bradford|Pontefract|Brighouse|Rothwell|Roundhay|Temple Newsam|Cross Flatts|Wetherby|Oakwell Hall|Nostell|Horton Park|Middleton Woods|Myrtle|Potternewton|Frickley Country|Chevin Forest|Roberts Park|	Bramley juniors|Brighouse juniors|Roundhay juniors|Huddersfield juniors|Temple Newsam juniors|Saltaire juniors|Tolson juniors|Bodington juniors|Pontefract juniors|Shelley juniors|Beaumont Park juniors|Riverside Gardens juniors|Horsforth Hall juniors|Wilton Park juniors|	Wakefield Thornes|Halifax|Huddersfield|Dewsbury|Bramley|Armley|Cliffe Castle|Centre Vale|Bowling Park|	Cross Flatts juniors|Dewsbury juniors|Wakefield Thornes juniors|People’s Park juniors, Halifax|
Wiltshire	8	5			13	Lydiard|Southwick Country Park|Chippenham|Salisbury|Melksham|Marlborough Common|Seven Fields|Tidworth|	Lydiard juniors|Chippenham juniors|Churchill Gardens juniors|King George V juniors|Calne Recreation Ground juniors|		
Worcestershire	4	2	1	1	8	Worcester|Worcester Pitchcroft|Evesham|Wyre Forest|	Bromsgrove juniors|Wyre Forest juniors|	Arrow Valley|	Evesham juniors|
Total	462	271	135	46	914				
